{
  "project_info": {
    "project_number": "811102823003",
    "project_id": "furnitures2-1d79b",
    "storage_bucket": "furnitures2-1d79b.appspot.com"
  },
  "client": [
    {
      "client_info": {
        "mobilesdk_app_id": "1:811102823003:android:11576c675466be0962957e",
        "android_client_info": {
          "package_name": "com.example.furnitures2"
        }
      },
      "oauth_client": [
        {
          "client_id": "811102823003-64vcek3je72q8uja0rmqb9vo8kbockmr.apps.googleusercontent.com",
          "client_type": 3
        }
      ],
      "api_key": [
        {
          "current_key": "AIzaSyB8CkS3vMawLq7KaUuszPYKNxTU3Uq2ApE"
        }
      ],
      "services": {
        "appinvite_service": {
          "other_platform_oauth_client": [
            {
              "client_id": "811102823003-64vcek3je72q8uja0rmqb9vo8kbockmr.apps.googleusercontent.com",
              "client_type": 3
            }
          ]
        }
      }
    }
  ],
  "configuration_version": "1"
}