{"v":"5.5.7","meta":{"g":"LottieFiles AE 0.1.20","a":"","k":"","d":"","tc":""},"fr":30,"ip":0,"op":75,"w":1200,"h":1200,"nm":"Lamp","ddd":0,"assets":[],"layers":[{"ddd":0,"ind":1,"ty":4,"nm":"Lamp Outlines","sr":1,"ks":{"o":{"a":0,"k":100,"ix":11},"r":{"a":0,"k":0,"ix":10},"p":{"a":0,"k":[600,600,0],"ix":2},"a":{"a":0,"k":[600,600,0],"ix":1},"s":{"a":0,"k":[200,200,100],"ix":6}},"ao":0,"shapes":[{"ty":"gr","it":[{"ty":"gr","it":[{"ind":0,"ty":"sh","ix":1,"ks":{"a":0,"k":{"i":[[5.056,0],[1.978,0.981],[-3.402,6.805],[0,0],[-6.804,-3.362],[3.401,-6.805],[0,0]],"o":[[-2.071,0],[-6.803,-3.402],[0,0],[3.416,-6.804],[6.804,3.401],[0,0],[-2.42,4.827]],"v":[[-6.897,28.493],[-13.044,27.041],[-19.201,8.565],[-5.432,-18.973],[13.044,-25.131],[19.203,-6.655],[5.432,20.883]],"c":true},"ix":2},"nm":"Path 1","mn":"ADBE Vector Shape - Group","hd":false},{"ty":"fl","c":{"a":1,"k":[{"i":{"x":[0.667],"y":[1]},"o":{"x":[0.333],"y":[0]},"t":50,"s":[0.027456227471,0.022800712959,0.0242376795,1]},{"t":56.005859375,"s":[0.866666674614,0.505882382393,0,1]}],"ix":4},"o":{"a":0,"k":100,"ix":5},"r":1,"bm":0,"nm":"Fill 1","mn":"ADBE Vector Graphic - Fill","hd":false},{"ty":"tr","p":{"a":0,"k":[538.038,736.737],"ix":2},"a":{"a":0,"k":[0,0],"ix":1},"s":{"a":1,"k":[{"i":{"x":[0.667,0.667],"y":[1,1]},"o":{"x":[0.167,0.167],"y":[0,0]},"t":0,"s":[0,0]},{"i":{"x":[0.667,0.667],"y":[1,1]},"o":{"x":[0.167,0.167],"y":[0.167,0.167]},"t":30.03,"s":[0,0]},{"t":36.0361328125,"s":[100,100]}],"ix":3},"r":{"a":0,"k":0,"ix":6},"o":{"a":1,"k":[{"i":{"x":[0.667],"y":[1]},"o":{"x":[0.333],"y":[0]},"t":50,"s":[0]},{"t":55,"s":[100]}],"ix":7},"sk":{"a":0,"k":0,"ix":4},"sa":{"a":0,"k":0,"ix":5},"nm":"Transform"}],"nm":"Group 1","np":2,"cix":2,"bm":0,"ix":1,"mn":"ADBE Vector Group","hd":false},{"ty":"gr","it":[{"ind":0,"ty":"sh","ix":1,"ks":{"a":0,"k":{"i":[[2.071,0],[2.42,4.827],[0,0],[-6.804,3.401],[-3.415,-6.804],[0,0],[6.803,-3.402]],"o":[[-5.056,0],[0,0],[-3.401,-6.805],[6.817,-3.362],[0,0],[3.402,6.805],[-1.977,0.981]],"v":[[6.898,28.493],[-5.432,20.883],[-19.203,-6.655],[-13.044,-25.131],[5.432,-18.973],[19.201,8.565],[13.044,27.041]],"c":true},"ix":2},"nm":"Path 1","mn":"ADBE Vector Shape - Group","hd":false},{"ty":"fl","c":{"a":1,"k":[{"i":{"x":[0.667],"y":[1]},"o":{"x":[0.333],"y":[0]},"t":50,"s":[0.027456227471,0.022800712959,0.0242376795,1]},{"t":56.005859375,"s":[0.866666674614,0.505882382393,0,1]}],"ix":4},"o":{"a":0,"k":100,"ix":5},"r":1,"bm":0,"nm":"Fill 1","mn":"ADBE Vector Graphic - Fill","hd":false},{"ty":"tr","p":{"a":0,"k":[661.962,736.737],"ix":2},"a":{"a":0,"k":[0,0],"ix":1},"s":{"a":1,"k":[{"i":{"x":[0.667,0.667],"y":[1,1]},"o":{"x":[0.167,0.167],"y":[0,0]},"t":0,"s":[0,0]},{"i":{"x":[0.667,0.667],"y":[1,1]},"o":{"x":[0.167,0.167],"y":[0.167,0.167]},"t":30.03,"s":[0,0]},{"t":36.0361328125,"s":[100,100]}],"ix":3},"r":{"a":0,"k":0,"ix":6},"o":{"a":1,"k":[{"i":{"x":[0.667],"y":[1]},"o":{"x":[0.333],"y":[0]},"t":50,"s":[0]},{"t":55,"s":[100]}],"ix":7},"sk":{"a":0,"k":0,"ix":4},"sa":{"a":0,"k":0,"ix":5},"nm":"Transform"}],"nm":"Group 2","np":2,"cix":2,"bm":0,"ix":2,"mn":"ADBE Vector Group","hd":false},{"ty":"gr","it":[{"ind":0,"ty":"sh","ix":1,"ks":{"a":0,"k":{"i":[[7.61,0],[0,7.612],[0,0],[-7.611,0],[0,-7.61],[0,0]],"o":[[-7.611,0],[0,0],[0,-7.61],[7.61,0],[0,0],[0,7.612]],"v":[[0,27.539],[-13.77,13.768],[-13.77,-13.769],[0,-27.539],[13.769,-13.769],[13.769,13.768]],"c":true},"ix":2},"nm":"Path 1","mn":"ADBE Vector Shape - Group","hd":false},{"ty":"fl","c":{"a":1,"k":[{"i":{"x":[0.667],"y":[1]},"o":{"x":[0.333],"y":[0]},"t":50,"s":[0.027456227471,0.022800712959,0.0242376795,1]},{"t":56.005859375,"s":[0.866666674614,0.505882382393,0,1]}],"ix":4},"o":{"a":0,"k":100,"ix":5},"r":1,"bm":0,"nm":"Fill 1","mn":"ADBE Vector Graphic - Fill","hd":false},{"ty":"tr","p":{"a":0,"k":[600,751.461],"ix":2},"a":{"a":0,"k":[0,0],"ix":1},"s":{"a":1,"k":[{"i":{"x":[0.667,0.667],"y":[1,1]},"o":{"x":[0.167,0.167],"y":[0,0]},"t":0,"s":[0,0]},{"i":{"x":[0.667,0.667],"y":[1,1]},"o":{"x":[0.167,0.167],"y":[0.167,0.167]},"t":30.03,"s":[0,0]},{"t":36.0361328125,"s":[100,100]}],"ix":3},"r":{"a":0,"k":0,"ix":6},"o":{"a":1,"k":[{"i":{"x":[0.667],"y":[1]},"o":{"x":[0.333],"y":[0]},"t":50,"s":[0]},{"t":55,"s":[100]}],"ix":7},"sk":{"a":0,"k":0,"ix":4},"sa":{"a":0,"k":0,"ix":5},"nm":"Transform"}],"nm":"Group 3","np":2,"cix":2,"bm":0,"ix":3,"mn":"ADBE Vector Group","hd":false},{"ty":"tr","p":{"a":1,"k":[{"i":{"x":0.667,"y":0.667},"o":{"x":0.167,"y":0.167},"t":0,"s":[600,744.583],"to":[0,0],"ti":[0,0]},{"i":{"x":0.667,"y":0.667},"o":{"x":0.167,"y":0.167},"t":16.016,"s":[600,744.583],"to":[0,0],"ti":[0,0]},{"i":{"x":0.667,"y":1},"o":{"x":0.167,"y":0.167},"t":24.024,"s":[600,744.583],"to":[0,3.833],"ti":[0,-3.833]},{"t":50.0498046875,"s":[600,767.583]}],"ix":2},"a":{"a":0,"k":[600,744.583],"ix":1},"s":{"a":0,"k":[100,100],"ix":3},"r":{"a":1,"k":[{"i":{"x":[0.667],"y":[1]},"o":{"x":[0.167],"y":[0]},"t":0,"s":[0]},{"i":{"x":[0.667],"y":[1]},"o":{"x":[0.167],"y":[0]},"t":16.016,"s":[0]},{"i":{"x":[0.667],"y":[1]},"o":{"x":[0.167],"y":[0]},"t":24.024,"s":[0]},{"t":36.0361328125,"s":[0]}],"ix":6},"o":{"a":1,"k":[{"i":{"x":[0.667],"y":[1]},"o":{"x":[0.167],"y":[0.167]},"t":36.036,"s":[0]},{"t":50.0498046875,"s":[100]}],"ix":7},"sk":{"a":0,"k":0,"ix":4},"sa":{"a":0,"k":0,"ix":5},"nm":"Transform"}],"nm":"Group 8","np":3,"cix":2,"bm":0,"ix":1,"mn":"ADBE Vector Group","hd":false},{"ty":"gr","it":[{"ind":0,"ty":"sh","ix":1,"ks":{"a":0,"k":{"i":[[7.61,0],[0,7.611],[0,0],[-7.611,0],[0,-7.611],[0,0]],"o":[[-7.611,0],[0,0],[0,-7.611],[7.61,0],[0,0],[0,7.611]],"v":[[0,41.307],[-13.77,27.539],[-13.77,-27.538],[0,-41.307],[13.769,-27.538],[13.769,27.539]],"c":true},"ix":2},"nm":"Path 1","mn":"ADBE Vector Shape - Group","hd":false},{"ty":"fl","c":{"a":0,"k":[0.027456227471,0.022800712959,0.0242376795,1],"ix":4},"o":{"a":0,"k":100,"ix":5},"r":1,"bm":0,"nm":"Fill 1","mn":"ADBE Vector Graphic - Fill","hd":false},{"ty":"tr","p":{"a":0,"k":[600,462.308],"ix":2},"a":{"a":0,"k":[0,0],"ix":1},"s":{"a":0,"k":[100,100],"ix":3},"r":{"a":0,"k":0,"ix":6},"o":{"a":0,"k":100,"ix":7},"sk":{"a":0,"k":0,"ix":4},"sa":{"a":0,"k":0,"ix":5},"nm":"Transform"}],"nm":"Group 5","np":2,"cix":2,"bm":0,"ix":2,"mn":"ADBE Vector Group","hd":false},{"ty":"gr","it":[{"ind":0,"ty":"sh","ix":1,"ks":{"a":0,"k":{"i":[[7.598,0],[0,-7.598],[-1.654,-2.366],[-5.459,7.556],[0,2.917]],"o":[[-7.597,0],[0,2.917],[5.164,7.127],[1.506,-2.152],[0,-7.598]],"v":[[0,-13.77],[-13.769,0],[-11.282,7.959],[11.43,7.745],[13.77,0]],"c":true},"ix":2},"nm":"Path 1","mn":"ADBE Vector Shape - Group","hd":false},{"ind":1,"ty":"sh","ix":2,"ks":{"a":0,"k":{"i":[[13.218,0],[7.907,10.879],[0,8.551],[-22.778,0],[0,-22.779],[4.867,-6.965]],"o":[[-13.218,0],[-5.015,-7.18],[0,-22.779],[22.778,0],[0,8.551],[-8.055,11.094]],"v":[[0,41.307],[-33.724,23.935],[-41.308,0],[0,-41.307],[41.308,0],[33.872,23.719]],"c":true},"ix":2},"nm":"Path 2","mn":"ADBE Vector Shape - Group","hd":false},{"ty":"mm","mm":1,"nm":"Merge Paths 1","mn":"ADBE Vector Filter - Merge","hd":false},{"ty":"fl","c":{"a":0,"k":[0.027456227471,0.022800712959,0.0242376795,1],"ix":4},"o":{"a":0,"k":100,"ix":5},"r":1,"bm":0,"nm":"Fill 1","mn":"ADBE Vector Graphic - Fill","hd":false},{"ty":"tr","p":{"a":0,"k":[600,517.385],"ix":2},"a":{"a":0,"k":[0,0],"ix":1},"s":{"a":0,"k":[100,100],"ix":3},"r":{"a":0,"k":0,"ix":6},"o":{"a":0,"k":100,"ix":7},"sk":{"a":0,"k":0,"ix":4},"sa":{"a":0,"k":0,"ix":5},"nm":"Transform"}],"nm":"Group 6","np":4,"cix":2,"bm":0,"ix":3,"mn":"ADBE Vector Group","hd":false},{"ty":"gr","it":[{"ind":0,"ty":"sh","ix":1,"ks":{"a":0,"k":{"i":[[5.513,-44.736],[0,0],[43.324,11.053],[15.087,13.177]],"o":[[0,0],[-5.581,-44.817],[-15.088,13.177],[-43.379,11.066]],"v":[[-109.239,47.554],[109.24,47.554],[27.297,-45.415],[-27.297,-45.415]],"c":true},"ix":2},"nm":"Path 1","mn":"ADBE Vector Shape - Group","hd":false},{"ind":1,"ty":"sh","ix":2,"ks":{"a":0,"k":{"i":[[7.611,0],[0,0],[0,7.61],[-0.618,5.096],[-59.259,10.865],[-3.12,-4.276],[-5.459,7.557],[-5.298,-1.022],[-6.521,-59.864],[0,-5.272]],"o":[[0,0],[-7.61,0],[0,-5.272],[6.508,-59.702],[5.244,-1.022],[5.459,7.557],[3.106,-4.276],[59.258,10.865],[0.606,4.934],[0,7.61]],"v":[[123.922,75.092],[-123.923,75.092],[-137.692,61.324],[-136.778,45.9],[-25.065,-74.07],[-11.43,-68.624],[11.43,-68.624],[25.065,-74.07],[136.791,46.062],[137.693,61.324]],"c":true},"ix":2},"nm":"Path 2","mn":"ADBE Vector Shape - Group","hd":false},{"ty":"mm","mm":1,"nm":"Merge Paths 1","mn":"ADBE Vector Filter - Merge","hd":false},{"ty":"fl","c":{"a":0,"k":[0.027456227471,0.022800712959,0.0242376795,1],"ix":4},"o":{"a":0,"k":100,"ix":5},"r":1,"bm":0,"nm":"Fill 1","mn":"ADBE Vector Graphic - Fill","hd":false},{"ty":"tr","p":{"a":0,"k":[600,593.754],"ix":2},"a":{"a":0,"k":[0,0],"ix":1},"s":{"a":0,"k":[100,100],"ix":3},"r":{"a":1,"k":[{"i":{"x":[0.667],"y":[1]},"o":{"x":[0.167],"y":[0]},"t":0,"s":[0]},{"i":{"x":[0.667],"y":[1]},"o":{"x":[0.167],"y":[0.167]},"t":22.022,"s":[0]},{"i":{"x":[0.667],"y":[1]},"o":{"x":[0.167],"y":[0.167]},"t":30.03,"s":[-10]},{"i":{"x":[0.667],"y":[1]},"o":{"x":[0.167],"y":[0.167]},"t":42.042,"s":[10]},{"t":50.0498046875,"s":[0]}],"ix":6},"o":{"a":0,"k":100,"ix":7},"sk":{"a":0,"k":0,"ix":4},"sa":{"a":0,"k":0,"ix":5},"nm":"Transform"}],"nm":"Group 7","np":4,"cix":2,"bm":0,"ix":4,"mn":"ADBE Vector Group","hd":false},{"ty":"gr","it":[{"ind":0,"ty":"sh","ix":1,"ks":{"a":0,"k":{"i":[[0,0],[-10.179,0],[-4.76,8.229]],"o":[[4.76,8.229],[10.179,0],[0,0]],"v":[[-23.841,-6.885],[0,6.885],[23.841,-6.885]],"c":true},"ix":2},"nm":"Path 1","mn":"ADBE Vector Shape - Group","hd":false},{"ind":1,"ty":"sh","ix":2,"ks":{"a":0,"k":{"i":[[30.376,0],[0,30.375],[-7.611,0],[0,0],[0,-7.611]],"o":[[-30.376,0],[0,-7.611],[0,0],[7.611,0],[0,30.375]],"v":[[0,34.424],[-55.077,-20.654],[-41.308,-34.423],[41.307,-34.423],[55.077,-20.654]],"c":true},"ix":2},"nm":"Path 2","mn":"ADBE Vector Shape - Group","hd":false},{"ty":"mm","mm":1,"nm":"Merge Paths 1","mn":"ADBE Vector Filter - Merge","hd":false},{"ty":"fl","c":{"a":1,"k":[{"i":{"x":[0.667],"y":[1]},"o":{"x":[0.333],"y":[0]},"t":50,"s":[0.027456227471,0.022800712959,0.0242376795,1]},{"t":56.005859375,"s":[0.866666674614,0.505882382393,0,1]}],"ix":4},"o":{"a":0,"k":100,"ix":5},"r":1,"bm":0,"nm":"Fill 1","mn":"ADBE Vector Graphic - Fill","hd":false},{"ty":"tr","p":{"a":1,"k":[{"i":{"x":0.667,"y":0.667},"o":{"x":0.167,"y":0.167},"t":0,"s":[600,675.731],"to":[0,0],"ti":[0,0]},{"i":{"x":0.667,"y":1},"o":{"x":0.167,"y":0.167},"t":22.022,"s":[600,675.731],"to":[2.167,0],"ti":[3.333,0]},{"i":{"x":0.667,"y":1},"o":{"x":0.167,"y":0.167},"t":30.03,"s":[613,675.731],"to":[-3.333,0],"ti":[2.167,0]},{"i":{"x":0.667,"y":1},"o":{"x":0.167,"y":0.167},"t":42.042,"s":[580,675.731],"to":[-2.167,0],"ti":[-3.333,0]},{"t":50.0498046875,"s":[600,675.731]}],"ix":2},"a":{"a":0,"k":[0,0],"ix":1},"s":{"a":0,"k":[100,100],"ix":3},"r":{"a":1,"k":[{"i":{"x":[0.667],"y":[1]},"o":{"x":[0.167],"y":[0]},"t":0,"s":[0]},{"i":{"x":[0.667],"y":[1]},"o":{"x":[0.167],"y":[0.167]},"t":22.022,"s":[0]},{"i":{"x":[0.667],"y":[1]},"o":{"x":[0.167],"y":[0.167]},"t":30.03,"s":[-10]},{"i":{"x":[0.667],"y":[1]},"o":{"x":[0.167],"y":[0.167]},"t":42.042,"s":[10]},{"t":50.0498046875,"s":[0]}],"ix":6},"o":{"a":0,"k":100,"ix":7},"sk":{"a":0,"k":0,"ix":4},"sa":{"a":0,"k":0,"ix":5},"nm":"Transform"}],"nm":"Group 4","np":4,"cix":2,"bm":0,"ix":5,"mn":"ADBE Vector Group","hd":false}],"ip":0,"op":1798.7987987988,"st":0,"bm":0}],"markers":[]}